id;name;title;description;created_by;created_date;about_me;spotify_profile_link
1;Integration;Avon Cambridgeshire;Berkshire Ball Assurance;reboot Soap;2023-03-30T14:40:38;../fake-data/blob/hipster.txt;edge Martinique hack
2;Account;Canyon bypassing;Gloves connect;repurpose;2023-03-30T10:40:10;../fake-data/blob/hipster.txt;Montserrat Balboa
3;contingency;Gold Designer Buckinghamshire;Barbados Architect;analyzing navigate Account;2023-03-29T23:36:44;../fake-data/blob/hipster.txt;Refined
4;administration multi-byte;sensor Arizona;bottom-line Cambridgeshire ADP;engineer compressing;2023-03-29T20:02:02;../fake-data/blob/hipster.txt;Data Soap
5;Shoes Fresh Buckinghamshire;RSS Baby Representative;exploit;Account scalable;2023-03-30T02:36:38;../fake-data/blob/hipster.txt;synthesize Thailand
6;Buckinghamshire Executive Division;port;paradigms;Roads calculate;2023-03-29T23:18:08;../fake-data/blob/hipster.txt;frame markets adapter
7;firewall access;Sports;Dollar XSS;Assistant;2023-03-30T08:54:12;../fake-data/blob/hipster.txt;e-markets users
8;auxiliary;Bedfordshire;Upgradable GB incremental;Unbranded Games Car;2023-03-30T09:28:51;../fake-data/blob/hipster.txt;Ball empowering
9;interfaces models;Savings Latvian;Isle Gorgeous Iowa;Corporate Island;2023-03-29T23:13:54;../fake-data/blob/hipster.txt;Program Manager
10;Applications payment;methodologies Integration Producer;invoice orange;Ireland;2023-03-30T06:05:36;../fake-data/blob/hipster.txt;infomediaries Fresh Buckinghamshire
