id;header;content;date
1;Singapore Mexico;../fake-data/blob/hipster.txt;2023-03-30T04:16:34
2;Orchestrator;../fake-data/blob/hipster.txt;2023-03-30T09:25:10
3;world-class Hat;../fake-data/blob/hipster.txt;2023-03-29T22:22:00
4;solutions;../fake-data/blob/hipster.txt;2023-03-30T07:34:37
5;Loan;../fake-data/blob/hipster.txt;2023-03-29T20:47:59
6;Pataca;../fake-data/blob/hipster.txt;2023-03-30T12:10:12
7;New Isle;../fake-data/blob/hipster.txt;2023-03-29T21:33:28
8;repurpose Dominica blockchains;../fake-data/blob/hipster.txt;2023-03-29T20:28:42
9;system;../fake-data/blob/hipster.txt;2023-03-29T22:17:18
10;backing;../fake-data/blob/hipster.txt;2023-03-30T07:54:55
